0.0,0.015067064970522593
5.208333333331519e-12,0.013288487857158028
1.0416666666649803e-11,0.011379149298556821
1.5624999999968087e-11,0.009422805412856967
2.0833333333299605e-11,0.007529659414400669
2.604166666664436e-11,0.005362042698111568
3.124999999997588e-11,0.0026465170689108303
3.645833333329416e-11,0.001352574158979674
4.166666666662568e-11,0.0004434815309503588
4.68749999999572e-11,-0.0005069157251478363
5.2083333333301953e-11,-0.0015972198293729611
5.729166666663347e-11,-0.0027330288844004064
6.249999999996499e-11,-0.0034026054329681717
6.770833333330974e-11,-0.0039199982444075914
7.291666666664126e-11,-0.004386873604823376
7.812499999995955e-11,-0.004800445225399365
8.333333333329107e-11,-0.004717808509392103
8.854166666662258e-11,-0.003103526532361784
9.37499999999541e-11,-0.0013595375537818876
9.895833333329886e-11,0.00041899723044437794
1.0416666666663038e-10,0.0022018769251164593
1.0937499999994866e-10,0.004270587985150707
1.1458333333326694e-10,0.006900467887274512
1.1979166666662493e-10,0.008169260162786641
1.2499999999995645e-10,0.009101060794546992
1.3020833333328797e-10,0.010135949802817967
1.354166666666195e-10,0.011254880711973437
1.406249999999113e-10,0.012322446434925192
1.458333333332693e-10,0.012793364061229653
1.5104166666661405e-10,0.013063698360506354
1.5624999999993233e-10,0.013240299706464032
1.6145833333325061e-10,0.013308961545400382
1.6666666666658213e-10,0.013283560669702188
1.7187499999992689e-10,0.013147882925549177
1.770833333332584e-10,0.0129455525535766
1.8229166666658992e-10,0.012732915166244918
1.8749999999992144e-10,0.012640706532570514
1.927083333332662e-10,0.012622146720441924
1.9791666666657125e-10,0.012671787074748841
2.0312499999990276e-10,0.012742782785849189
2.0833333333324752e-10,0.012842393387744722
2.135416666665658e-10,0.01297040931312861
2.187499999999238e-10,0.013073649573525485
2.2395833333322884e-10,0.013127273010833935
2.2916666666658683e-10,0.01306149866179892
2.343749999999051e-10,0.012980251209484395
2.3958333333323663e-10,0.012955398135520714
2.4479166666656815e-10,0.013012382857730175
2.4999999999989967e-10,0.01308819308949781
2.552083333332047e-10,0.013076840365808362
2.6041666666654947e-10,0.013174119529355996
2.656249999998942e-10,0.013347742267799166
2.7083333333322574e-10,0.013510655280803387
2.7604166666655726e-10,0.01355972345474654
2.81249999999902e-10,0.013460271183327058
2.8645833333320707e-10,0.013448179011986949
2.916666666665386e-10,0.01340715901824422
2.968749999998701e-10,0.01323494877673848
3.0208333333324133e-10,0.0130790658707999
3.072916666665464e-10,0.013023648310908192
3.124999999998779e-10,0.013163389433154737
3.177083333332094e-10,0.013396698110875316
3.2291666666651446e-10,0.013712407808632456
3.2812499999987245e-10,0.01410497362636605
3.3333333333320397e-10,0.014088719636263982
3.385416666665487e-10,0.01267360361137537
3.43749999999867e-10,0.011211467983555086
3.489583333331985e-10,0.009729790168213305
3.541666666665433e-10,0.00804398341432268
3.5937499999986156e-10,0.006070216011228856
3.645833333331931e-10,0.0036054353569486114
3.6979166666651137e-10,0.0024431893947676453
3.7499999999982965e-10,0.001590951187867781
3.8020833333320087e-10,0.000694369836525422
3.854166666665059e-10,-0.0002660881680959532
3.906249999998507e-10,-0.0011814879188074264
3.9583333333316896e-10,-0.0015452980983598082
4.0104166666652695e-10,-0.0017380999224209037
4.0624999999984523e-10,-0.0019107333290812375
4.114583333332032e-10,-0.002195267738750435
4.1666666666653474e-10,-0.0020553648730214477
4.218749999998398e-10,-0.000387785256463788
4.270833333331713e-10,0.001259360036089484
4.3229166666651606e-10,0.0028516193207290506
4.374999999998608e-10,0.004467682650116681
4.427083333331394e-10,0.0064436920892150746
4.4791666666648415e-10,0.009058793225105355
4.531249999998289e-10,0.010278470895492341
4.583333333332001e-10,0.011173710980911791
4.6354166666649194e-10,0.012204634281320174
4.687499999998235e-10,0.013298154176608724
4.739583333331285e-10,0.01428476601397504
4.791666666664733e-10,0.014611768188664855
4.843749999998048e-10,0.014730354986091569
4.895833333331495e-10,0.014785902491616565
4.947916666664678e-10,0.014825024566718647
4.999999999998126e-10,0.014459880805226075
5.052083333331176e-10,0.012661787442204395
5.104166666664888e-10,0.010851002203211944
5.156249999998204e-10,0.009083100429986047
5.208333333331254e-10,0.007484849554820023
5.260416666664702e-10,0.005568043125047928
5.312499999998017e-10,0.0030124954237234713
5.364583333331464e-10,0.0018772388910399359
5.416666666664515e-10,0.0011406322620437686
5.468749999997698e-10,0.00038407266504920636
5.520833333331278e-10,-0.000547744501955982
5.572916666664725e-10,-0.0014552889439311096
5.624999999997908e-10,-0.0017411903276673905
5.677083333331223e-10,-0.001900503191425973
5.729166666664671e-10,-0.0021039416105115036
5.781249999997721e-10,-0.0023268477778843086
5.833333333331433e-10,-0.002150534803214535
5.885416666664352e-10,-0.0005662189069103636
5.937499999997799e-10,0.001050787760037833
5.989583333331114e-10,0.0026484204363568355
6.041666666664562e-10,0.004173765744957368
6.093749999998009e-10,0.005976528725379467
6.145833333330928e-10,0.00830841967164966
6.197916666664243e-10,0.009284052220401752
6.249999999997558e-10,0.009878547209119966
6.302083333331138e-10,0.010453962485413061
6.354166666664453e-10,0.011236968053599987
6.406249999997768e-10,0.012065455329932953
6.458333333330951e-10,0.012396940065829325
6.510416666664266e-10,0.0125784919125563
6.562499999997714e-10,0.01270331647332451
6.614583333330897e-10,0.012848583909944408
6.666666666664079e-10,0.012908238404538508
6.718749999997659e-10,0.012795794969209764
6.77083333333071e-10,0.01263635098233145
6.822916666664422e-10,0.01250186631897217
6.87499999999734e-10,0.012480231567328534
6.92708333333092e-10,0.012534846103097155
6.979166666664103e-10,0.012663580526387153
7.03124999999755e-10,0.012832674529210653
7.083333333330733e-10,0.013020813052863853
7.135416666663916e-10,0.0132674973179234
7.187499999997231e-10,0.013455605612355204
7.239583333330679e-10,0.013565876289605821
7.291666666663994e-10,0.01350959656670169
7.343749999997442e-10,0.013477521922209714
7.395833333330492e-10,0.01356859801245618
7.447916666663807e-10,0.013623757721776996
7.499999999997387e-10,0.013728015204867773
7.552083333330702e-10,0.013977755221403976
7.604166666663885e-10,0.01429229903716508
7.656249999997465e-10,0.014584363516628163
7.708333333330515e-10,0.01473744646069436
7.760416666663831e-10,0.014799030244567518
7.812499999997146e-10,0.014790489617918878
7.864583333330461e-10,0.014646764037140696
7.916666666663909e-10,0.014482412891380556
7.968749999996959e-10,0.01431421735233551
8.020833333330407e-10,0.014207650212796154
8.072916666663722e-10,0.01417866573615203
8.124999999997037e-10,0.014305301267656905
8.177083333330485e-10,0.014456824269165692
8.2291666666638e-10,0.014600022142704767
8.28124999999685e-10,0.014820864539972379
8.333333333330165e-10,0.01504768085186531
8.385416666663481e-10,0.015223982895527875
8.437499999996796e-10,0.015291012439255267
8.489583333330243e-10,0.015320168302514571
8.541666666663691e-10,0.015403113971227924
8.593749999996741e-10,0.015512454446149482
8.645833333330189e-10,0.015659752321334982
8.697916666663372e-10,0.01580357617630168
8.749999999996819e-10,0.01594660314714543
8.802083333330134e-10,0.01610613502783427
8.854166666663185e-10,0.016184193874396985
8.906249999996632e-10,0.01618199016244866
8.958333333330212e-10,0.016094824400834318
9.010416666663395e-10,0.016028866957579734
9.062499999996578e-10,0.016022079629612638
9.114583333330026e-10,0.015986667744357377
9.166666666663341e-10,0.015559180050085806
9.218749999996524e-10,0.013747478999164198
9.270833333329839e-10,0.012013749284802457
9.322916666663154e-10,0.010314086156708866
9.374999999996734e-10,0.0084597522385215
9.42708333333005e-10,0.006279027553436318
9.479166666663232e-10,0.0035355309237240663
9.53124999999668e-10,0.002260367230726669
9.583333333329598e-10,0.0013167753351314233
9.635416666663177e-10,0.00018745141483950326
9.687499999996493e-10,-0.0009415844388295252
9.73958333332994e-10,-0.001929698526537233
9.791666666663123e-10,-0.0022361993883566306
9.84374999999657e-10,-0.0023835648744796223
9.895833333329621e-10,-0.002538814249313435
9.947916666663069e-10,-0.0025908242103311967
9.999999999996384e-10,-0.002540518829568428
1.0052083333329699e-09,-0.0022907674970047633
1.010416666666275e-09,-0.0021073618890823822
1.0156249999996197e-09,-0.0019682382931307885
1.0208333333329777e-09,-0.001793859569290884
1.026041666666296e-09,-0.001611191521146209
1.0312499999996143e-09,-0.0014386542852542015
1.036458333332959e-09,-0.0014217224880402428
1.0416666666662905e-09,-0.0014236982090101331
1.0468749999996088e-09,-0.0013661384741238522
1.0520833333329403e-09,-0.0013825960137083117
1.0572916666663116e-09,-0.0014789555538315025
1.0624999999996166e-09,-0.0016521051939490988
1.0677083333329614e-09,-0.0018740921948912277
1.0729166666662929e-09,-0.0021827949218170425
1.0781249999996244e-09,-0.002578454503550561
1.083333333332956e-09,-0.0026632325989831805
1.088541666666261e-09,-0.001549916560571073
1.0937499999996057e-09,-0.00033658803576004913
1.0989583333329505e-09,0.000953602419060392
1.104166666666282e-09,0.0023891060536087114
1.1093749999996135e-09,0.004214152786310061
1.114583333332945e-09,0.006704325140479057
1.1197916666662898e-09,0.008131080323368066
1.1249999999995948e-09,0.009321134523930451
1.1302083333329263e-09,0.010640972588861028
1.135416666666271e-09,0.012065267734722938
1.1406249999995894e-09,0.013463241296182095
1.1458333333328944e-09,0.014241649037051295
1.1510416666662392e-09,0.014759414268743427
1.156249999999584e-09,0.015175640296720002
1.1614583333329022e-09,0.01555202319352439
1.1666666666662602e-09,0.015562903634808225
1.1718749999995785e-09,0.014331199686834509
1.1770833333328968e-09,0.01297857692509775
1.1822916666662283e-09,0.011577565860876389
1.187499999999573e-09,0.01023694052580376
1.1927083333329046e-09,0.00846439641572067
1.197916666666236e-09,0.005888105530106415
1.2031249999995676e-09,0.004309582083665241
1.2083333333328859e-09,0.002987879219702623
1.2135416666662174e-09,0.0016121446036212847
1.2187499999995622e-09,0.00011427254952893782
1.2239583333328805e-09,-0.001332113051320397
1.2291666666662252e-09,-0.0020458057288981753
1.23437499999957e-09,-0.002452054729624575
1.2395833333329015e-09,-0.002712861054405989
1.2447916666662198e-09,-0.002917101341788615
1.249999999999538e-09,-0.00309128696884583
1.2552083333328696e-09,-0.0032289841358066162
1.2604166666662276e-09,-0.0032468937762864403
1.265624999999559e-09,-0.003220093633416299
1.2708333333328906e-09,-0.003357224603518705
1.2760416666662089e-09,-0.0034872266184861377
1.2812499999995404e-09,-0.0035771430306682293
1.2864583333328851e-09,-0.0035538309153506334
1.2916666666662034e-09,-0.0035148904032611334
1.296874999999535e-09,-0.003448955695647272
1.3020833333328532e-09,-0.0033333116404331703
1.3072916666662245e-09,-0.003158033135980344
1.3124999999995295e-09,-0.0029046625587783796
1.317708333332861e-09,-0.002680796953573607
1.3229166666661793e-09,-0.0025274768322285147
1.3281249999994976e-09,-0.0024567819732786793
1.3333333333328688e-09,-0.0020330865566577745
1.3385416666662003e-09,-0.00031194765983016455
1.3437499999995186e-09,0.001314172414823561
1.348958333332837e-09,0.002885033988615905
1.3541666666661817e-09,0.0045526487057165515
1.3593749999995396e-09,0.00656779803068101
1.3645833333328315e-09,0.009237300209083919
1.369791666666163e-09,0.01058347163950746
1.3749999999995077e-09,0.011593546331299198
1.380208333332826e-09,0.012626071236868241
1.385416666666184e-09,0.013729777165251303
1.3906249999995155e-09,0.01470421146744441
1.395833333332847e-09,0.014902866060102646
1.4010416666661918e-09,0.014938726637262567
1.4062499999994968e-09,0.015039981439862253
1.4114583333328284e-09,0.01515528356026985
1.4166666666661599e-09,0.01489869099157366
1.4218749999994914e-09,0.013385668544329701
1.4270833333328362e-09,0.011931514012754371
1.4322916666661412e-09,0.01051975081122178
1.4374999999995124e-09,0.009030643388449987
1.4427083333328042e-09,0.007199907250812618
1.447916666666149e-09,0.004735099484266156
1.4531249999994805e-09,0.003500288844902007
1.4583333333328253e-09,0.002575454309655842
1.4635416666661303e-09,0.001579687233155811
1.468749999999475e-09,0.0004486168201973248
1.4739583333327934e-09,-0.0006472650998774929
1.4791666666661513e-09,-0.0011086965114218436
1.4843749999994829e-09,-0.0014204192572606301
1.489583333332788e-09,-0.0017591863074507786
1.4947916666661194e-09,-0.002124829485893369
1.4999999999994642e-09,-0.002075219788491845
1.5052083333327957e-09,-0.0005853278684850181
1.5104166666661272e-09,0.0009772492462730674
1.5156249999994587e-09,0.0025438816798893714
1.5208333333328035e-09,0.0041024693760628225
1.526041666666135e-09,0.0060432699273282745
1.53124999999944e-09,0.00867330309225397
1.5364583333327848e-09,0.009905694291133983
1.5416666666661163e-09,0.010739860512666883
1.5468749999994479e-09,0.011567441636089092
1.5520833333327794e-09,0.012555281066233827
1.5572916666660977e-09,0.013517123138686298
1.5624999999994689e-09,0.013798211913358949
1.5677083333328004e-09,0.013926269042839057
1.5729166666660922e-09,0.014055707599390612
1.578124999999437e-09,0.014276167134129405
1.5833333333327685e-09,0.014411085723441653
1.5885416666660735e-09,0.01423555147158733
1.5937499999994315e-09,0.013987124036022891
1.5989583333327895e-09,0.013739673513464947
1.6041666666660946e-09,0.013620561617050888
1.6093749999994393e-09,0.01349357564358612
1.6145833333327576e-09,0.01332635144996714
1.6197916666661024e-09,0.013336459531270092
1.6249999999994074e-09,0.013405480425018207
1.630208333332739e-09,0.013504356484221262
1.6354166666660837e-09,0.013587121212262646
1.6406249999994284e-09,0.013668666399038331
1.6458333333327467e-09,0.013685931933682605
1.651041666666065e-09,0.013706370144660548
1.6562499999993965e-09,0.0137687101671235
1.6614583333327413e-09,0.013888817915022358
1.6666666666660728e-09,0.014034852921634833
1.6718749999994043e-09,0.014221849271651687
1.6770833333327358e-09,0.014472956616108656
1.6822916666660541e-09,0.014783265204479763
1.6874999999993989e-09,0.015131169466433557
1.6927083333327304e-09,0.01541899899525322
1.6979166666660751e-09,0.015631650656690397
1.703124999999367e-09,0.01576083833032216
1.7083333333327382e-09,0.01586162732896396
1.7135416666660432e-09,0.01591314913917939
1.7187499999994012e-09,0.015828403873555025
1.7239583333327195e-09,0.015677775780046303
1.729166666666051e-09,0.01569303536852327
1.7343749999993958e-09,0.015772486093445327
1.7395833333327273e-09,0.015902575928225384
1.7447916666660588e-09,0.01597401203588167
1.7499999999993903e-09,0.01565464627566269
1.7552083333326954e-09,0.013989367029327082
1.7604166666660401e-09,0.012269337784752086
1.7656249999993716e-09,0.010482206983524337
1.7708333333327164e-09,0.008441484889018592
1.7760416666660214e-09,0.0060923478095481895
1.7812499999993794e-09,0.003204381734088221
1.7864583333326977e-09,0.0018064605098086566
1.791666666666069e-09,0.000769247480815205
1.7968749999993608e-09,-0.000381123366963298
1.8020833333327055e-09,-0.0015291808920794901
1.8072916666660106e-09,-0.0025613807385021625
1.812499999999342e-09,-0.002929103415872647
1.8177083333326868e-09,-0.0031879049796057456
1.8229166666660184e-09,-0.003546526002674668
1.8281249999993499e-09,-0.003886257790114852
1.8333333333326814e-09,-0.004158052645238358
1.8385416666659997e-09,-0.004310761895972245
1.8437499999993312e-09,-0.004503631367536477
1.8489583333326627e-09,-0.004745389806630959
1.8541666666659942e-09,-0.00493141116456065
1.859374999999339e-09,-0.005049797447741646
1.864583333332644e-09,-0.005083175841272313
1.8697916666659888e-09,-0.005131159464406034
1.8749999999993203e-09,-0.005116092568952132
1.880208333332652e-09,-0.004917663551812499
1.8854166666659833e-09,-0.004654585371228027
1.8906249999993413e-09,-0.004401115411292105
1.8958333333326596e-09,-0.004327034945709794
1.901041666665978e-09,-0.004312974473333404
1.906249999999336e-09,-0.004319502895637661
1.911458333332654e-09,-0.004398011089343207
1.9166666666659857e-09,-0.004122776139433431
1.9218749999993172e-09,-0.0025555636738416963
1.9270833333326487e-09,-0.0009069858762782596
1.9322916666659935e-09,0.0008203277772248031
1.937499999999325e-09,0.0027572374364342946
1.9427083333326698e-09,0.005027558098696595
1.947916666665975e-09,0.007882571652738481
1.9531249999993063e-09,0.009358881729743572
1.9583333333326114e-09,0.010479928579775954
1.9635416666659826e-09,0.011689422018076469
1.968749999999314e-09,0.012848333699001672
1.9739583333326324e-09,0.01383268891062962
1.979166666665964e-09,0.014049618255328753
1.984374999999282e-09,0.0140969245456413
1.98958333333264e-09,0.014135750984152906
1.9947916666659585e-09,0.014068294878349385
1.9999999999992768e-09,0.013921162139092131
2.0052083333326083e-09,0.013728824768917493
2.010416666665953e-09,0.013579483555795578
2.0156249999992845e-09,0.013433081390397356
2.0208333333326293e-09,0.013201356930560596
2.026041666665974e-09,0.012954357138192396
2.0312499999992923e-09,0.012684678667363967
2.0364583333326106e-09,0.01243587968435338
2.041666666665942e-09,0.012175649629112604
2.0468749999992737e-09,0.01181253302851615
2.052083333332605e-09,0.011624894250472688
2.0572916666659367e-09,0.011596663708088819
2.0624999999992815e-09,0.011725730551616789
2.0677083333325997e-09,0.01187094569420604
2.072916666665918e-09,0.012014597020401682
2.0781249999992628e-09,0.012266981656997755
2.0833333333326075e-09,0.012521698888345556
2.088541666665926e-09,0.012762931165972624
2.093749999999244e-09,0.012907081523049561
2.098958333332602e-09,0.012989486352936232
2.1041666666659204e-09,0.01301430681164371
2.109374999999252e-09,0.013003402006743959
2.1145833333325834e-09,0.012931370060856802
2.119791666665928e-09,0.012765200257119002
2.1249999999992597e-09,0.012557154345324163
2.1302083333325647e-09,0.012298177312492083
2.1354166666659095e-09,0.01204508738004266
2.140624999999241e-09,0.011832588353131722
2.1458333333325725e-09,0.011790286822540175
2.151041666665904e-09,0.011817836431957232
2.1562499999992488e-09,0.011897405129212286
2.1614583333325803e-09,0.012133590679040285
2.1666666666658854e-09,0.01199410307940323
2.171874999999217e-09,0.010293211305071513
2.1770833333325484e-09,0.00852598895143921
2.182291666665893e-09,0.006763394841122559
2.1874999999992114e-09,0.00505042902320989
2.1927083333325297e-09,0.002978899394710383
2.1979166666658745e-09,0.0002643790849960468
2.203124999999206e-09,-0.000837767763290863
2.208333333332564e-09,-0.0014888554455865072
2.2135416666658558e-09,-0.002116682136114316
2.2187499999992005e-09,-0.0029612884408786906
2.2239583333325585e-09,-0.0038283763356521286
2.229166666665877e-09,-0.004083805857144403
2.2343749999992216e-09,-0.004171509491472487
2.23958333333254e-09,-0.004225006507974278
2.2447916666658846e-09,-0.00444187647127126
2.2499999999991897e-09,-0.0046117780385864365
2.255208333332521e-09,-0.004508153517000538
2.260416666665866e-09,-0.004320613061659442
2.2656249999992107e-09,-0.004149605388466621
2.270833333332542e-09,-0.0042231102528564116
2.276041666665887e-09,-0.00427769420280089
2.2812499999992052e-09,-0.004254690312865238
2.2864583333325103e-09,-0.004375007156497632
2.2916666666658286e-09,-0.004564530837090219
2.2968749999991866e-09,-0.004781643852480991
2.3020833333325313e-09,-0.004833078616758429
2.3072916666658496e-09,-0.004777179933671429
2.312499999999181e-09,-0.004712283959553048
2.317708333332539e-09,-0.004689797870602935
2.322916666665831e-09,-0.00476056809938063
2.3281249999991624e-09,-0.0048155829242835305
2.3333333333325204e-09,-0.00486364424691283
2.338541666665852e-09,-0.004898407079862866
2.3437499999991835e-09,-0.0050085358857311045
2.3489583333324885e-09,-0.005135352683038322
2.35416666666582e-09,-0.005091592050975262
2.3593749999991648e-09,-0.005013464608143402
2.3645833333324963e-09,-0.004925409675481008
2.369791666665828e-09,-0.00486872559133781
2.3749999999991726e-09,-0.004762143037826408
2.380208333332504e-09,-0.004539162719264897
2.385416666665809e-09,-0.0043762415274873545
2.390624999999154e-09,-0.004289417260677888
2.3958333333324854e-09,-0.004295600601761533
2.401041666665817e-09,-0.004332785023081493
2.4062499999991485e-09,-0.004361475189177551
2.4114583333324667e-09,-0.004446423519659959
2.4166666666658115e-09,-0.004514969584211521
2.4218749999991298e-09,-0.004525606196142191
2.4270833333324878e-09,-0.004447434043657478
2.432291666665806e-09,-0.004305099151312933
2.437499999999151e-09,-0.004111853771968659
2.4427083333324823e-09,-0.003939228099603103
2.447916666665827e-09,-0.003819760446883013
2.4531249999991586e-09,-0.003754583319530844
2.4583333333324636e-09,-0.003730716837104543
2.463541666665795e-09,-0.0037367395835841773
2.4687499999991267e-09,-0.0037502714475262902
2.4739583333324714e-09,-0.0037234934422097797
2.4791666666657765e-09,-0.003679721725989424
2.484374999999108e-09,-0.0036005308353424833
2.4895833333324528e-09,-0.0034931186229563006
2.494791666665758e-09,-0.0033650717475615854
2.499999999999116e-09,-0.003291673267955813
2.505208333332421e-09,-0.003331670745883441
2.5104166666657524e-09,-0.0033819792735326633
2.515624999999097e-09,-0.0034612413450818423
2.5208333333324286e-09,-0.0036609365733859763
2.5260416666657866e-09,-0.003862090743107587
2.5312499999990784e-09,-0.004021163269475483
2.536458333332423e-09,-0.004167161942932508
2.541666666665781e-09,-0.004328414756602473
2.5468749999990995e-09,-0.004553681301012865
2.552083333332431e-09,-0.004715792067592744
2.5572916666657493e-09,-0.004902164595925035
2.5624999999991073e-09,-0.005197028581749253
2.567708333332452e-09,-0.005492127204778265
2.5729166666657703e-09,-0.005746888139407563
2.5781249999990753e-09,-0.00594687576002447
2.5833333333324333e-09,-0.006113793637853318
2.5885416666657516e-09,-0.0062655541375506996
2.5937499999990964e-09,-0.0063029379891892485
2.5989583333324014e-09,-0.006259426855805545
2.6041666666657594e-09,-0.00616433438704276
2.6093749999991174e-09,-0.006070367640925855
2.6145833333324092e-09,-0.0059871424157163025
2.619791666665754e-09,-0.0057819133521386235
2.6249999999990722e-09,-0.005549561519648503
2.6302083333323905e-09,-0.005371805671505143
2.6354166666657618e-09,-0.005284026940024744
2.640624999999067e-09,-0.00521135746372398
2.6458333333323983e-09,-0.0050315135879172605
2.65104166666573e-09,-0.004918591705670863
2.656249999999035e-09,-0.004933912807701739
2.661458333332406e-09,-0.004957604941370901
2.666666666665751e-09,-0.004540682518135152
2.671874999999056e-09,-0.002557262576850887
2.677083333332374e-09,-0.0006763744050466465
2.682291666665719e-09,0.0011522976493563942
2.6874999999990637e-09,0.0030859064136150426
2.6927083333323952e-09,0.005390780812595062
2.6979166666657003e-09,0.008342884606386974
2.703124999999032e-09,0.009690234787627662
2.708333333332403e-09,0.010644285072756563
2.713541666665708e-09,0.011751810948660709
2.7187499999990396e-09,0.012974031766987398
2.723958333332371e-09,0.014142746306960986
2.729166666665729e-09,0.014625103608058038
2.734374999999034e-09,0.01496981634828326
2.7395833333323524e-09,0.015373761547669675
2.7447916666657104e-09,0.01572869977702476
2.7499999999990287e-09,0.01600119308958129
2.7552083333323337e-09,0.016101212233440795
2.760416666665705e-09,0.01617188766865482
2.7656249999990233e-09,0.01626319064280957
2.7708333333323548e-09,0.016429561010934027
2.776041666665673e-09,0.016544926055354844
2.781249999999018e-09,0.01656825361852621
2.7864583333323626e-09,0.016618295999938103
2.791666666665694e-09,0.016659571899315325
2.796874999998999e-09,0.016654346149339874
2.802083333332344e-09,0.016552016959198404
2.8072916666656754e-09,0.01639489570409326
2.812499999999007e-09,0.016215033903627614
2.8177083333323384e-09,0.016067497326938712
2.8229166666656567e-09,0.01598501628952239
2.8281249999990015e-09,0.01599930370399141
2.8333333333323198e-09,0.016021685601112976
2.8385416666656513e-09,0.01594775530822692
2.8437499999990093e-09,0.015978410215504314
2.848958333332301e-09,0.016060211258124516
2.8541666666656723e-09,0.016043279540366273
2.8593749999989906e-09,0.01593754324282307
2.864583333332322e-09,0.01574842048775107
2.8697916666656536e-09,0.015656961963806833
2.8749999999989984e-09,0.015569059165921637
2.88020833333229e-09,0.015427036825329001
2.885416666665635e-09,0.015263286052355409
2.8906249999989665e-09,0.015122143456284787
2.8958333333323112e-09,0.015226760409955426
2.901041666665656e-09,0.015406195190264206
2.9062499999989743e-09,0.015600386365763837
2.9114583333323058e-09,0.015690522580523378
2.9166666666656505e-09,0.015417070677324505
2.9218749999989556e-09,0.013972254411639306
2.9270833333323003e-09,0.012367458636901004
2.932291666665632e-09,0.010648474028568776
2.9374999999989766e-09,0.008801716557412449
2.942708333332308e-09,0.006793920099909755
2.947916666665613e-09,0.00444761843969422
2.9531249999989447e-09,0.0033824689404119207
2.9583333333322762e-09,0.002645043552250403
2.963541666665621e-09,0.0018382820277295538
2.9687499999989657e-09,0.0009785030569264518
2.9739583333322972e-09,0.00012088766400860862
2.9791666666656288e-09,-0.0003862630923985855
2.9843749999989603e-09,-0.0008391147427582678
2.9895833333322653e-09,-0.0013535704518392933
2.99479166666561e-09,-0.0018017645841911056
2.9999999999989416e-09,-0.0018192126113959774
3.0052083333322864e-09,-0.0005145281888119863
3.0104166666655914e-09,0.0008649945853142682
3.0156249999989494e-09,0.0022553690385351366
3.0208333333322677e-09,0.0037311708829506655
3.026041666665599e-09,0.005510720183108456
3.0312499999989307e-09,0.007842350547247178
3.0364583333322622e-09,0.008898477671414594
3.0416666666655805e-09,0.0096303095373382
3.046874999998912e-09,0.01044579148619401
3.0520833333322436e-09,0.01141279681053834
3.0572916666655883e-09,0.012375185536887358
3.06249999999892e-09,0.012744786820977728
3.0677083333322646e-09,0.012975097986151924
3.0729166666655696e-09,0.013189050353701175
3.0781249999989276e-09,0.013413320845478584
3.0833333333322327e-09,0.013545971848395188
3.0885416666655774e-09,0.01347311456096929
3.093749999998909e-09,0.013300136166957768
3.0989583333322405e-09,0.01310888505390412
3.1041666666655852e-09,0.013065601277066106
3.1093749999989167e-09,0.013033295145718413
3.114583333332235e-09,0.012968269033073432
3.1197916666655533e-09,0.012982786910577686
3.1249999999989113e-09,0.013055876689171781
3.1302083333322296e-09,0.013179413712140159
3.135416666665561e-09,0.013211719364503358
3.1406249999988794e-09,0.013158276427283662
3.145833333332224e-09,0.01302154591170942
3.151041666665582e-09,0.012896860393124272
3.1562499999989004e-09,0.012865054009992397
3.1614583333321922e-09,0.012885241332092756
3.16666666666555e-09,0.012971158424227913
3.1718749999988553e-09,0.013161162850106399
3.1770833333322132e-09,0.013505823588015838
3.1822916666655183e-09,0.013926377562009627
3.1874999999988763e-09,0.014247379840438891
3.192708333332208e-09,0.014442163263494612
3.197916666665513e-09,0.014487832171926347
3.2031249999988576e-09,0.014417714444175498
3.208333333332189e-09,0.014279861911752876
3.2135416666655206e-09,0.014104047321446602
3.218749999998852e-09,0.013996728828718169
3.22395833333221e-09,0.0140310353492463
3.2291666666655417e-09,0.014286688620160734
3.2343749999988467e-09,0.014656899027097305
3.2395833333321782e-09,0.015108106182326385
3.244791666665523e-09,0.015525937352715657
3.2499999999988677e-09,0.015455889554503414
3.255208333332186e-09,0.013851656446426124
3.260416666665491e-09,0.012148122666012152
3.265624999998836e-09,0.010383914432489481
3.270833333332207e-09,0.008414238216448823
3.276041666665512e-09,0.00615941243381155
3.2812499999988436e-09,0.003427443529943135
3.2864583333321884e-09,0.0022345115065145267
3.29166666666548e-09,0.0014591362777355114
3.2968749999988514e-09,0.0006305660965085325
3.3020833333321697e-09,-0.00026269641740535467
3.3072916666655277e-09,-0.001133377919231845
3.3124999999988327e-09,-0.0014624217758173708
3.3177083333321643e-09,-0.0017589245868839544
3.3229166666654958e-09,-0.002185780594341348
3.3281249999988405e-09,-0.002652654819689011
3.3333333333321456e-09,-0.0026605157291595964
3.3385416666654903e-09,-0.0011870298227230733
3.3437499999988086e-09,0.00032694347709773665
3.3489583333321534e-09,0.0018391559866815354
3.354166666665485e-09,0.0034585897217052656
3.3593749999988296e-09,0.005438048461108334
3.3645833333321347e-09,0.008051843302593426
3.369791666665506e-09,0.00931632093922147
3.3749999999987977e-09,0.010256105894267795
3.3802083333321292e-09,0.011346170752065812
3.385416666665474e-09,0.012576307507525662
3.3906249999988187e-09,0.013791103114090533
3.3958333333321503e-09,0.014348815450014287
3.4010416666654553e-09,0.014707637552684703
3.4062499999988e-09,0.01498208365930064
3.4114583333321316e-09,0.015173646004276793
3.4166666666654763e-09,0.014886416533244717
3.4218749999987814e-09,0.013135801427699966
3.4270833333321394e-09,0.011285371762097963
3.4322916666654577e-09,0.009431436490533105
3.437499999998789e-09,0.007720916508055764
3.4427083333321207e-09,0.005707685486935063
3.4479166666654522e-09,0.0030424563626908325
3.4531249999987705e-09,0.0017036028079489788
3.4583333333321285e-09,0.0007434821849255564
3.4635416666654335e-09,-0.00022469434061952654
3.4687499999987783e-09,-0.0013970078829940661
3.4739583333320966e-09,-0.002624006917384863
3.479166666665415e-09,-0.0032758029721300643
3.4843749999987596e-09,-0.0037494135042615115
3.4895833333321176e-09,-0.0041680367372300825
3.494791666665436e-09,-0.004632805990623337
3.4999999999987277e-09,-0.00502802787113181
3.505208333332099e-09,-0.005237464766054791
3.5104166666654304e-09,-0.005259518558909027
3.515624999998775e-09,-0.0052415014706255715
3.5208333333321067e-09,-0.005420945537947875
3.5260416666654118e-09,-0.005662545633032843
3.5312499999987565e-09,-0.005984073066284978
3.536458333332088e-09,-0.006299403430380196
3.541666666665433e-09,-0.006635096880615992
3.546874999998751e-09,-0.007000310028876734
3.552083333332056e-09,-0.00721276251019985
3.557291666665414e-09,-0.007227778831185488
3.5624999999987456e-09,-0.0069090796792954925
3.567708333332077e-09,-0.0065496422599943096
3.572916666665422e-09,-0.006257197565840395
3.5781249999987534e-09,-0.005931651729689441
3.5833333333320585e-09,-0.005250995156816347
3.58854166666539e-09,-0.00329744390335076
3.5937499999987215e-09,-0.0015662563216418729
3.5989583333320795e-09,4.752444660820042e-05
3.604166666665411e-09,0.0017263757279013705
3.6093749999987425e-09,0.0037934657257685527
3.614583333332074e-09,0.0065729346514135974
3.6197916666653923e-09,0.007891705652890522
3.6249999999987106e-09,0.008790915177912889
3.6302083333320554e-09,0.009662926084568518
3.6354166666654134e-09,0.010644648285660101
3.6406249999987317e-09,0.011469524800290998
3.6458333333320367e-09,0.01131043183957584
3.6510416666653815e-09,0.011026632487947961
3.6562499999986997e-09,0.010922062855599133
3.6614583333320313e-09,0.011000873530033222
3.666666666665376e-09,0.011121496139793734
3.6718749999987075e-09,0.011202610508603964
3.677083333332026e-09,0.011475101852909066
3.6822916666653573e-09,0.011886651488368774
3.687499999998702e-09,0.012346072099298755
3.6927083333320336e-09,0.01268911953764697
3.697916666665365e-09,0.012879411387083626
3.7031249999986966e-09,0.013051574256510476
3.7083333333320414e-09,0.013225521719881372
3.7135416666653464e-09,0.01342948654091689
3.718749999998678e-09,0.013474505331592836
3.7239583333320227e-09,0.013478421872134293
3.729166666665354e-09,0.013675764592633954
3.734374999998699e-09,0.013939691971146875
3.739583333332004e-09,0.014246957966862013
3.7447916666653356e-09,0.014448963571382749
3.74999999999868e-09,0.014685884680417862
3.755208333331999e-09,0.015143210192833387
3.760416666665343e-09,0.015525350168570262
3.765624999998675e-09,0.015865663031886777
3.770833333332033e-09,0.01615078336232817
3.776041666665325e-09,0.01645593195596319
3.7812499999986694e-09,0.01681154564904552
3.786458333332001e-09,0.017018153756317447
3.791666666665346e-09,0.01713665966953208
3.796874999998677e-09,0.017078710861981507
3.802083333331969e-09,0.01698509253487284
3.807291666665314e-09,0.016866295302238175
3.8124999999986585e-09,0.016726439584926926
3.81770833333199e-09,0.016518436914171597
3.822916666665335e-09,0.01621482048795556
3.828124999998653e-09,0.016042136092062537
3.833333333331998e-09,0.015853948124613507
3.838541666665303e-09,0.015481771524367338
3.8437499999986344e-09,0.015129790880489474
3.848958333331979e-09,0.014839475426970014
3.854166666665324e-09,0.014711262169117006
3.8593749999986554e-09,0.014671217383162093
3.864583333331947e-09,0.01472501307593031
3.8697916666653185e-09,0.015023623446992134
3.874999999998637e-09,0.015406764382247582
3.880208333331968e-09,0.01585732361131775
3.8854166666653e-09,0.016243961772599208
3.890624999998631e-09,0.016594540016142422
3.89583333333195e-09,0.01685395766631072
3.901041666665321e-09,0.017058688009933008
3.906249999998613e-09,0.01724002835534859
3.911458333331957e-09,0.017362300854094667
3.916666666665289e-09,0.01710485543380613
3.921874999998634e-09,0.015538960099339172
3.927083333331965e-09,0.013961769162415505
3.932291666665297e-09,0.01237214843495624
3.937499999998602e-09,0.010714510902463323
3.942708333331973e-09,0.008684619214258739
3.947916666665278e-09,0.005995198103600192
3.953124999998623e-09,0.00457097274129899
3.958333333331941e-09,0.0034799325348099396
3.963541666665259e-09,0.0023503623851899975
3.968749999998604e-09,0.0011705884975101513
3.973958333331962e-09,6.965148941899607e-05
3.979166666665267e-09,-0.0003868351916737733
3.984374999998599e-09,-0.0006357590717328871
3.98958333333193e-09,-0.0008378889132272193
3.9947916666652485e-09,-0.0011151025086169927
3.999999999998593e-09,-0.0010058764780670672
4.005208333331925e-09,0.0005600944112305166
4.010416666665243e-09,0.0021778935565029355
4.015624999998561e-09,0.00375105005055884
4.020833333331919e-09,0.0051409090732983396
4.026041666665264e-09,0.0069097589588310694
4.031249999998582e-09,0.009414841215705605
4.036458333331887e-09,0.010601164780011203
4.041666666665245e-09,0.011443680322639947
4.046874999998577e-09,0.012315070415196649
4.052083333331908e-09,0.013407354061040983
4.057291666665227e-09,0.01451272323084418
4.0624999999985714e-09,0.015029289711850368
4.067708333331903e-09,0.01529052626106806
4.0729166666652345e-09,0.015401306579647866
4.078124999998566e-09,0.01556899677974569
4.0833333333318975e-09,0.015361569945380031
4.088541666665216e-09,0.013754390256487316
4.093749999998547e-09,0.011981327653998189
4.098958333331892e-09,0.010169456154958846
4.104166666665237e-09,0.008572694357810386
4.109374999998529e-09,0.0066357700237362
4.1145833333319e-09,0.003985449347129591
4.119791666665231e-09,0.002590176258851872
4.124999999998576e-09,0.0015499256839011243
4.130208333331881e-09,0.0005472143626235361
4.135416666665213e-09,-0.0005788468153592534
4.140624999998544e-09,-0.0016590553389000799
4.145833333331876e-09,-0.0021546078439094243
4.1510416666652205e-09,-0.002387689076495386
4.156249999998552e-09,-0.002451453219995589
4.16145833333187e-09,-0.002477455851908006
4.1666666666651886e-09,-0.002071328069358222
4.171874999998533e-09,-0.00019873744434201635
4.177083333331865e-09,0.0018157416388453389
4.182291666665183e-09,0.003885338334527164
4.187499999998515e-09,0.005866311476238356
4.192708333331859e-09,0.008122154710284284
4.197916666665191e-09,0.010961739434824713
4.2031249999985224e-09,0.012350195402954645
4.208333333331854e-09,0.013369303420771594
4.213541666665172e-09,0.014535870499397509
4.218749999998504e-09,0.01578510418623379
4.223958333331875e-09,0.016994208596218995
4.229166666665167e-09,0.01761607698196589
4.234374999998525e-09,0.018068358069205148
4.239583333331843e-09,0.018459062335109813
4.244791666665188e-09,0.01863295163198943
4.249999999998519e-09,0.018244906178419052
4.255208333331838e-09,0.016221540787862098
4.260416666665169e-09,0.014079150113911918
4.265624999998501e-09,0.011891144124046864
4.2708333333318454e-09,0.009766367808609693
4.276041666665177e-09,0.007425550344768439
4.2812499999985085e-09,0.004601286841160363
4.286458333331827e-09,0.003341812457363922
4.291666666665158e-09,0.0024995496990892433
4.296874999998503e-09,0.0015524004273390621
4.302083333331821e-09,0.0004858114682306324
4.30729166666514e-09,-0.0006055123615547087
4.312499999998471e-09,-0.0012755475724224251
4.317708333331842e-09,-0.001850873765892175
4.322916666665147e-09,-0.0024346837273477974
4.328124999998466e-09,-0.0028900254161759644
4.3333333333318104e-09,-0.0032262346421448158
4.338541666665155e-09,-0.0033686209915807313
4.343749999998487e-09,-0.0032910351876366184
4.348958333331805e-09,-0.003107707246429998
4.354166666665163e-09,-0.0030225780607463937
4.359374999998468e-09,-0.0030396208300840174
4.364583333331773e-09,-0.0032019719882616154
4.369791666665131e-09,-0.003384092165031679
4.374999999998476e-09,-0.0035786601835807483
4.380208333331781e-09,-0.0037711904384013306
4.385416666665112e-09,-0.003918584814658961
4.390624999998444e-09,-0.003960075339850369
4.395833333331802e-09,-0.003672997862012864
4.40104166666512e-09,-0.0033963174113045454
4.4062499999984384e-09,-0.0032608583613304163
4.411458333331783e-09,-0.0032258273882035397
4.416666666665115e-09,-0.0028349994094193968
4.421874999998433e-09,-0.0011083623491957501
4.427083333331751e-09,0.0004086999888977843
4.4322916666651225e-09,0.0018014312924246245
4.437499999998454e-09,0.0033307041459215824
4.442708333331759e-09,0.005286454701591206
4.447916666665091e-09,0.007977928015288047
4.453124999998435e-09,0.009298075170353528
4.45833333333178e-09,0.010252057284025735
4.463541666665112e-09,0.011174307770036349
4.468749999998417e-09,0.01216793557352829
4.473958333331748e-09,0.012998977684887536
4.47916666666508e-09,0.012953921929581948
4.484374999998438e-09,0.012747118750525765
4.489583333331769e-09,0.012632570669340872
4.494791666665101e-09,0.012671699771838246
4.499999999998406e-09,0.012343213140371899
4.505208333331724e-09,0.010594554719575709
4.510416666665082e-09,0.00896123429469689
4.5156249999984136e-09,0.0074147984971189695
4.520833333331745e-09,0.0058221918135163255
4.52604166666509e-09,0.0038096775071608385
4.531249999998395e-09,0.0010208480143336757
4.5364583333317264e-09,-0.0004206277817181082
4.541666666665058e-09,-0.0015310680006409968
4.5468749999983895e-09,-0.002669508545806658
4.552083333331734e-09,-0.003907620048871754
4.557291666665079e-09,-0.00502763696265991
4.5624999999984105e-09,-0.005384538947763779
4.567708333331742e-09,-0.005498423158693287
4.57291666666506e-09,-0.005563557184756456
4.578124999998405e-09,-0.005678785578281584
4.583333333331723e-09,-0.005387645586679184
4.588541666665055e-09,-0.0036023466924544217
4.593749999998373e-09,-0.0017884823943362638
4.598958333331731e-09,-1.4997276173594028e-05
4.604166666665076e-09,0.001636944389509608
4.609374999998381e-09,0.0036217496486323367
4.6145833333317124e-09,0.006286720958404496
4.619791666665057e-09,0.007503858333832216
4.624999999998362e-09,0.008360698947537305
4.63020833333172e-09,0.00928997824263465
4.6354166666650385e-09,0.010404006912580937
4.64062499999837e-09,0.011512759953993777
4.6458333333317015e-09,0.012090999956627668
4.651041666665033e-09,0.012506220742985533
4.656249999998351e-09,0.01291326135916482
4.661458333331683e-09,0.013336386546538428
4.666666666665014e-09,0.013327701051445847
4.671874999998359e-09,0.011752729027339252
4.677083333331691e-09,0.010017669684311357
4.682291666665022e-09,0.008244050033766546
4.6874999999983405e-09,0.0065669280579089
4.692708333331672e-09,0.00459377970198489
4.697916666665017e-09,0.0020571695473200345
4.703124999998348e-09,0.0010457201364206315
4.7083333333316665e-09,0.00043516955011190905
4.713541666664985e-09,-0.00023474897181717703
4.7187499999983296e-09,-0.001093008981177967
4.723958333331661e-09,-0.001992126397010999
4.729166666664993e-09,-0.002506206443539088
4.734374999998337e-09,-0.0029064411160627853
4.739583333331656e-09,-0.0032764557662172257
4.744791666665014e-09,-0.0035918070626320842
4.749999999998345e-09,-0.0038114103346481134
4.755208333331677e-09,-0.003814642323319738
4.760416666664982e-09,-0.003596713795131312
4.7656249999983265e-09,-0.003262594845912201
4.770833333331658e-09,-0.0029989190070130903
4.7760416666649895e-09,-0.002792702900392897
4.7812499999983475e-09,-0.002659232051919538
4.786458333331666e-09,-0.002690948986601553
4.791666666664984e-09,-0.0027952382041018095
4.796874999998316e-09,-0.0028955774771981797
4.802083333331647e-09,-0.0029340574599682236
4.807291666664952e-09,-0.0028835720212903415
4.81249999999831e-09,-0.0027191239346459066
4.8177083333316284e-09,-0.002515287553529406
4.822916666664973e-09,-0.0023193957643514907
4.8281249999982915e-09,-0.002216207108031883
4.833333333331636e-09,-0.0022071598420367717
4.838541666664941e-09,-0.002370595869429545
4.843749999998299e-09,-0.002661836146487901
4.8489583333316175e-09,-0.0030351840706571015
4.854166666664949e-09,-0.0033427157719488148
4.85937499999832e-09,-0.0035629826774324627
4.864583333331625e-09,-0.003667089107948509
4.86979166666493e-09,-0.0036281667932397707
4.874999999998302e-09,-0.0035118669819090742
4.880208333331633e-09,-0.0033830017591987226
4.885416666664951e-09,-0.003337326075748337
4.890624999998283e-09,-0.0034145599734319108
4.895833333331628e-09,-0.0036333787026979754
4.901041666664959e-09,-0.003921644285866769
4.9062499999982775e-09,-0.004257845512285913
4.911458333331622e-09,-0.004547952882707966
4.916666666664954e-09,-0.0047687550896295585
4.921874999998272e-09,-0.004854359623527909
4.9270833333316036e-09,-0.004832615593096096
4.932291666664935e-09,-0.004738174756319013
4.93749999999828e-09,-0.004633569608489285
4.942708333331625e-09,-0.0045786014288855615
4.947916666664943e-09,-0.004633631946590675
4.953124999998261e-09,-0.004725115284956042
4.958333333331593e-09,-0.0048295161518018765
4.963541666664911e-09,-0.004880654966180353
4.968749999998269e-09,-0.004875453422951794
4.9739583333316005e-09,-0.004765353553053643
4.979166666664932e-09,-0.0045024141737500314
4.98437499999825e-09,-0.004221813517802125
4.9895833333315686e-09,-0.0039854869969602495
4.994791666664913e-09,-0.003884705848103101
4.999999999998245e-09,-0.0038706276410745643
5.005208333331563e-09,-0.00392759211255861
5.010416666664895e-09,-0.004059419290267464
5.015624999998239e-09,-0.0042681596930864265
5.020833333331571e-09,-0.0045838964931757325
5.0260416666649024e-09,-0.004905698135073345
5.0312499999982075e-09,-0.00522769262141912
5.036458333331552e-09,-0.005568637309896386
5.0416666666649234e-09,-0.00592476680456762
5.046874999998215e-09,-0.006356772025526984
5.052083333331547e-09,-0.00672363296976085
5.057291666664905e-09,-0.0070899806467501925
5.0624999999981966e-09,-0.007399879991303824
5.067708333331568e-09,-0.007693606336403677
5.072916666664873e-09,-0.0079918870156349
5.078124999998218e-09,-0.008191405117373974
5.083333333331562e-09,-0.008313283446299195
5.088541666664841e-09,-0.008342241125693463
5.093749999998212e-09,-0.00839473331051442
5.098958333331557e-09,-0.008461944175447154
5.1041666666648884e-09,-0.008441739243948893
5.1093749999981935e-09,-0.008387428642555346
5.114583333331538e-09,-0.008317041211164507
5.11979166666487e-09,-0.008255713380164021
5.1249999999982145e-09,-0.008164519255925403
5.130208333331546e-09,-0.00797632374947918
5.135416666664851e-09,-0.007810584322273945
5.140624999998196e-09,-0.007665020282684776
5.145833333331527e-09,-0.007623681475033973
5.151041666664859e-09,-0.007596719242143763
5.15624999999819e-09,-0.007558948156520286
5.1614583333314954e-09,-0.007582570100396477
5.166666666664867e-09,-0.007252049004257676
5.171874999998172e-09,-0.0055473701655506325
5.177083333331503e-09,-0.003757982059215923
5.182291666664861e-09,-0.0019162311212120987
5.187499999998193e-09,-4.450609053246549e-05
5.192708333331524e-09,0.00213488668108691
5.197916666664856e-09,0.00488811670198165
5.203124999998174e-09,0.00617564793705947
5.208333333331532e-09,0.007044109527989563
5.213541666664837e-09,0.007891525383274596
5.218749999998169e-09,0.008841811576811366
5.2239583333315e-09,0.009750851110581153
5.229166666664845e-09,0.010023314994824572
5.234374999998163e-09,0.010142500987367796
5.239583333331495e-09,0.010264156456270369
5.244791666664813e-09,0.01047647275641874
5.249999999998171e-09,0.01028007488809337
5.255208333331489e-09,0.008613332841239066
5.260416666664834e-09,0.006929122826365166
5.265624999998152e-09,0.0052754496750820005
5.2708333333314706e-09,0.0036923907800033074
5.2760416666648286e-09,0.0018327070082221374
5.281249999998147e-09,-0.0005259094670003678
5.286458333331492e-09,-0.0014539450221433946
5.291666666664797e-09,-0.001996042409397194
5.296874999998128e-09,-0.0026370927073752935
5.302083333331473e-09,-0.003384957958786105
5.307291666664818e-09,-0.004083565891160662
5.312499999998136e-09,-0.004225917107397318
5.3177083333314675e-09,-0.004214515722810904
5.322916666664786e-09,-0.004115543535019722
5.328124999998117e-09,-0.003962948128529595
5.333333333331462e-09,-0.003404378119816266
5.3385416666647936e-09,-0.0014824477485887678
5.343749999998099e-09,0.0004994876885417005
5.348958333331457e-09,0.0024778277150421025
5.354166666664775e-09,0.004188602613531203
5.359374999998146e-09,0.006124500978325575
5.364583333331438e-09,0.00858166640521378
5.369791666664743e-09,0.009665692758902849
5.374999999998114e-09,0.010304308537468927
5.380208333331419e-09,0.010878296444563833
5.3854166666647905e-09,0.011610320212290914
5.390624999998082e-09,0.01235974103494416
5.39583333333144e-09,0.012634069657360043
5.401041666664772e-09,0.012792256240073652
5.406249999998103e-09,0.012905210159578222
5.411458333331435e-09,0.013022859641009
5.416666666664753e-09,0.012700504171582288
5.421874999998111e-09,0.010861484977351043
5.427083333331416e-09,0.008878357495443336
5.432291666664774e-09,0.0068578168803443
5.437499999998092e-09,0.005017209043334548
5.442708333331437e-09,0.002928735034460204
5.447916666664769e-09,0.0002987798867818378
5.4531249999981134e-09,-0.0008669514846637945
5.458333333331445e-09,-0.0015970926017959586
5.46354166666475e-09,-0.00230399153163302
5.4687499999980815e-09,-0.003281041274510024
5.473958333331413e-09,-0.004394981004565193
5.479166666664758e-09,-0.005021337935668768
5.4843749999981025e-09,-0.005487637467210434
5.489583333331394e-09,-0.005883960143023913
5.494791666664726e-09,-0.006339929993334968
5.499999999998071e-09,-0.006303434897206815
5.505208333331402e-09,-0.004638340174279444
5.510416666664707e-09,-0.0028079603876819542
5.515624999998039e-09,-0.0009186282638636371
5.520833333331397e-09,0.0009293638004662368
5.526041666664728e-09,0.003066155219796012
5.531249999998073e-09,0.0057500138004192855
5.536458333331391e-09,0.007091984746762114
5.541666666664736e-09,0.008078924231389405
5.546874999998041e-09,0.009120448055449076
5.552083333331386e-09,0.010269930068967491
5.557291666664717e-09,0.011477502561587043
5.562499999998049e-09,0.012310449377633014
5.567708333331394e-09,0.01293273631898306
5.572916666664712e-09,0.013388825630526822
5.578124999998057e-09,0.01382347348598552
5.583333333331375e-09,0.01379389483951707
5.588541666664693e-09,0.012239388115204357
5.593749999998038e-09,0.010420705530320349
5.5989583333313695e-09,0.00849706877194744
5.604166666664714e-09,0.006728172912740628
5.609374999998046e-09,0.004739148671002942
5.614583333331364e-09,0.0022777992388010276
5.6197916666646956e-09,0.0010902396999852189
5.624999999998014e-09,0.00029632166139118726
5.630208333331359e-09,-0.0003636421204234006
5.63541666666469e-09,-0.0011343054555340393
5.640624999998035e-09,-0.0019465450733054462
5.64583333333134e-09,-0.002422275393977522
5.651041666664685e-09,-0.0027104972497237236
5.656249999998016e-09,-0.002862279488351396
5.661458333331321e-09,-0.003092244829985061
5.666666666664679e-09,-0.0028857848741591563
5.671874999998037e-09,-0.0011339007484649165
5.677083333331329e-09,0.000797625531727117
5.6822916666646606e-09,0.0028069152916111893
5.687499999998005e-09,0.004738629424969137
5.69270833333135e-09,0.006907783668251055
5.697916666664642e-09,0.009575234892006597
5.703124999998013e-09,0.01086163640977098
5.708333333331318e-09,0.011753239471310644
5.71354166666465e-09,0.012600195408184689
5.7187499999979944e-09,0.013585545107471831
5.723958333331326e-09,0.014633779067546737
5.7291666666646575e-09,0.01528687360339374
5.7343749999980155e-09,0.015753070574776307
5.739583333331334e-09,0.016116466467547358
5.744791666664652e-09,0.016556709926690734
5.7499999999979835e-09,0.016550704996874575
5.755208333331302e-09,0.01496405550914433
5.76041666666466e-09,0.013181016069118813
5.765624999997991e-09,0.011300848143791328
5.770833333331323e-09,0.009424724383497786
5.776041666664628e-09,0.007217107437479154
5.781249999997973e-09,0.004427558782197721
5.786458333331344e-09,0.0030657388052676648
5.791666666664649e-09,0.0021220681823517326
5.796874999997954e-09,0.0011726056649018803
5.802083333331312e-09,0.00010820936562908332
5.807291666664617e-09,-0.0010022347516622223
5.812499999997975e-09,-0.0016259339989581356
5.817708333331293e-09,-0.002066872863037691
5.822916666664638e-09,-0.0023961268300160352
5.828124999997943e-09,-0.0027876653759502097
5.833333333331301e-09,-0.0027262158520811566
5.838541666664619e-09,-0.0011062944501800673
5.843749999997951e-09,0.0006843674295242195
5.848958333331282e-09,0.0025141940418115807
5.854166666664614e-09,0.004201998762009146
5.859374999997959e-09,0.006185044069673933
5.86458333333129e-09,0.008727773464651282
5.8697916666646085e-09,0.00989505923798497
5.87499999999794e-09,0.01065158439667452
5.880208333331258e-09,0.01137899862535686
5.885416666664616e-09,0.012257943287225457
5.890624999997921e-09,0.013180668537262573
5.895833333331253e-09,0.01359646484331993
5.9010416666645976e-09,0.01385286016612597
5.906249999997942e-09,0.014028382625442095
5.911458333331274e-09,0.014240317527522821
5.916666666664592e-09,0.014340796347435876
5.9218749999979104e-09,0.014169418188486289
5.927083333331242e-09,0.0138850812491064
5.932291666664587e-09,0.013558788618232731
5.937499999997918e-09,0.013318922330501476
5.942708333331263e-09,0.013131981069206631
5.947916666664581e-09,0.01301438450779156
5.953124999997913e-09,0.01296321253241222
5.958333333331231e-09,0.01294023140523377
5.963541666664576e-09,0.012911912524648407
5.968749999997907e-09,0.012917879935199841
5.973958333331226e-09,0.012889374633417227
5.97916666666457e-09,0.01270343798287906
5.984374999997915e-09,0.012518722644700761
5.98958333333122e-09,0.01240556330815178
5.994791666664552e-09,0.012382075003102901
5.999999999997883e-09,0.012406302466753928
6.005208333331241e-09,0.012472531347841858
6.0104166666645595e-09,0.012608832161956358
6.0156249999978645e-09,0.012799784630041113
6.020833333331236e-09,0.01305421395458248
6.026041666664554e-09,0.013241807930474015
6.031249999997872e-09,0.013302092501572969
6.036458333331217e-09,0.013335697212744009
6.041666666664549e-09,0.013367525654705949
6.04687499999788e-09,0.01342182033949977
6.052083333331198e-09,0.0134253454380283
6.05729166666453e-09,0.013481325886482633
6.062499999997875e-09,0.01370966598499091
6.0677083333312194e-09,0.013986084970823525
6.072916666664511e-09,0.014288282938937087
6.078124999997869e-09,0.0146308118975187
6.083333333331214e-09,0.014962835911079452
6.088541666664519e-09,0.015253732850312613
6.093749999997864e-09,0.015504926588399392
6.098958333331195e-09,0.015749627836126358
6.104166666664527e-09,0.01592832067543952
6.109374999997858e-09,0.0160925297440167
6.114583333331203e-09,0.01630800633674662
6.119791666664521e-09,0.016506390677752572
6.124999999997879e-09,0.016691383451781245
6.130208333331171e-09,0.016852159102628862
6.135416666664529e-09,0.01698569755288808
6.1406249999978474e-09,0.01708376696146363
6.145833333331192e-09,0.017197008150018473
6.151041666664524e-09,0.017312388824808768
6.1562499999978685e-09,0.017438423177296988
6.1614583333311735e-09,0.017472131062536464
6.166666666664518e-09,0.017521511419083917
6.171874999997797e-09,0.017688969022610038
6.177083333331155e-09,0.01779421277413273
6.182291666664513e-09,0.017847886486441106
6.187499999997831e-09,0.017817364262320657
6.192708333331163e-09,0.017831134832213488
6.197916666664494e-09,0.017931568142809814
6.203124999997826e-09,0.018026812394628996
6.2083333333311704e-09,0.01808451379746617
6.2135416666644755e-09,0.018012603326255542
6.218749999997807e-09,0.01794504383740438
6.223958333331152e-09,0.017844366798226787
6.2291666666644965e-09,0.017645972846819357
6.234374999997828e-09,0.017400084961227236
6.239583333331133e-09,0.017136820417480388
6.244791666664491e-09,0.01699752916948085
6.249999999997809e-09,0.016550484049575223
6.255208333331141e-09,0.014830185070971735
6.260416666664472e-09,0.013150869349146489
6.265624999997804e-09,0.011509175018553135
6.270833333331122e-09,0.009943139160890667
6.276041666664493e-09,0.008073582073399897
6.2812499999977985e-09,0.00559361767288466
6.28645833333113e-09,0.004380935714566898
6.2916666666644615e-09,0.003546134673168698
6.2968749999977665e-09,0.002849122716568474
6.302083333331111e-09,0.0019991115647488606
6.3072916666644825e-09,0.001175562751341727
6.312499999997774e-09,0.0009348553177003488
6.317708333331106e-09,0.0008646216026817399
6.322916666664437e-09,0.000775680296364697
6.328124999997795e-09,0.00046808421191727145
6.333333333331127e-09,0.0004616011707079005
6.338541666664458e-09,0.0017689077615038577
6.3437499999977634e-09,0.0031155979182277554
6.348958333331095e-09,0.004430071810478325
6.35416666666444e-09,0.005636865162776148
6.359374999997771e-09,0.007186893704071783
6.364583333331103e-09,0.009374203020284445
6.369791666664421e-09,0.010344755974403718
6.374999999997792e-09,0.010985414513725313
6.380208333331084e-09,0.011601858516954937
6.385416666664429e-09,0.012442787358818763
6.3906249999977736e-09,0.013274313081391709
6.395833333331105e-09,0.013466855079515843
6.401041666664437e-09,0.013429737251070243
6.406249999997755e-09,0.013311236376922086
6.4114583333310864e-09,0.0133344477939347
6.416666666664418e-09,0.012983808651973554
6.4218749999977495e-09,0.011122503149782212
6.427083333331081e-09,0.009256764294038227
6.432291666664426e-09,0.007432396821798427
6.4374999999977705e-09,0.005786745124197891
6.442708333331062e-09,0.003781427493728625
6.44791666666442e-09,0.001064612053837334
6.4531249999977386e-09,-0.00028615931791464515
6.45833333333107e-09,-0.0012580878871648934
6.463541666664415e-09,-0.0021755156088657398
6.468749999997733e-09,-0.0032069610129646584
6.473958333331065e-09,-0.004155714768583099
6.479166666664383e-09,-0.004471845107133196
6.484374999997728e-09,-0.0045289546487434496
6.4895833333310724e-09,-0.004472985186854906
6.4947916666643775e-09,-0.0044746446343583235
6.499999999997722e-09,-0.004080088075898215
6.505208333331054e-09,-0.0021485662320148372
6.510416666664385e-09,-0.00014812201147678482
6.515624999997717e-09,0.001863086430883718
6.5208333333310616e-09,0.0037228407269859986
6.526041666664393e-09,0.005866927051912603
6.531249999997698e-09,0.008591883612605536
6.536458333331043e-09,0.009814579265373585
6.541666666664374e-09,0.01061582388458053
6.546874999997719e-09,0.011397845445528451
6.552083333331011e-09,0.012328587813887362
6.5572916666643425e-09,0.013262328421911378
6.562499999997714e-09,0.013724604970544941
6.5677083333310585e-09,0.014017713046115144
6.5729166666643635e-09,0.014253081966343051
6.578124999997682e-09,0.014488423006845212
6.58333333333104e-09,0.014675009246459803
6.588541666664345e-09,0.014712646986186309
6.593749999997676e-09,0.01461155270365041
6.598958333331008e-09,0.014475460493399667
6.604166666664353e-09,0.014528319283499867
6.609374999997697e-09,0.01464008700003586
6.614583333331016e-09,0.014796184051706676
6.619791666664334e-09,0.015001145034792772
6.6249999999976655e-09,0.015234069346019586
6.630208333330997e-09,0.015485899775170741
6.635416666664342e-09,0.015573930297868346
6.640624999997713e-09,0.01552212441045253
6.645833333331018e-09,0.015340849845800239
6.65104166666431e-09,0.015163493156054307
6.656249999997641e-09,0.01503832144017889
6.661458333330986e-09,0.014965898221869422
6.666666666664344e-09,0.014578623816535408
6.671874999997662e-09,0.01296247468811072
6.677083333330954e-09,0.01145228490227445
6.682291666664312e-09,0.009994585964452976
6.68749999999767e-09,0.008386663939006944
6.692708333331015e-09,0.006358086700710399
6.697916666664307e-09,0.003620178005893785
6.703124999997638e-09,0.0022234876838037546
6.708333333330996e-09,0.00114244646490865
6.713541666664301e-09,-9.279675771822998e-05
6.718749999997633e-09,-0.0013263600600292283
6.723958333330964e-09,-0.0023862352560939304
6.729166666664309e-09,-0.002623430566163092
6.734374999997641e-09,-0.0026834255185921537
6.7395833333309986e-09,-0.002778045052402472
6.74479166666429e-09,-0.0028920819079314482
6.749999999997648e-09,-0.002611903868506753
6.755208333330967e-09,-0.000902955711645651
6.760416666664285e-09,0.0007386724622435339
6.765624999997643e-09,0.002311219778675745
6.7708333333309745e-09,0.003869828363119831
6.776041666664293e-09,0.005857516663047092
6.7812499999976375e-09,0.008599928749769737
6.786458333330956e-09,0.009941490386391751
6.791666666664314e-09,0.01092766546318871
6.796874999997619e-09,0.012012666534833872
6.8020833333309636e-09,0.013144432971073428
6.807291666664282e-09,0.014124651581525777
6.8124999999976e-09,0.01434535236468205
6.817708333330945e-09,0.014365901641199132
6.822916666664276e-09,0.014352975833544524
6.828124999997608e-09,0.014324478196968924
6.8333333333309395e-09,0.013898179952866652
6.838541666664284e-09,0.012035527278426517
6.843749999997589e-09,0.010151507504311048
6.848958333330921e-09,0.008273666089341113
6.854166666664252e-09,0.006476213484320876
6.85937499999761e-09,0.0043264588464211095
6.8645833333309286e-09,0.0015007797353479924
6.86979166666426e-09,0.00011695400194984151
6.874999999997605e-09,-0.0008628786334382554
6.88020833333091e-09,-0.0018459282989709812
6.885416666664255e-09,-0.002876993825961965
6.890624999997586e-09,-0.003834086292628655
6.895833333330918e-09,-0.004296931671540937
6.901041666664249e-09,-0.00459900188290691
6.9062499999975675e-09,-0.004825771448089563
6.911458333330912e-09,-0.005017674874715396
6.916666666664244e-09,-0.0051761211405827465
6.921874999997562e-09,-0.0052695337504370925
6.927083333330907e-09,-0.005181722361053774
6.9322916666642515e-09,-0.005035870224037204
6.937499999997583e-09,-0.004998070153017232
6.942708333330888e-09,-0.004989932697690483
6.947916666664259e-09,-0.004994186674522915
6.953124999997578e-09,-0.005110921848570973
6.958333333330896e-09,-0.005270421901314471
6.9635416666642274e-09,-0.005426817503107701
6.968749999997572e-09,-0.005563490870955902
6.973958333330917e-09,-0.0056643851281841014
6.9791666666641955e-09,-0.005647430015304588
6.9843749999975535e-09,-0.005574106767057646
6.989583333330885e-09,-0.005504774027627003
6.9947916666642165e-09,-0.005461439138478762
6.999999999997535e-09,-0.005478713691404126
7.005208333330893e-09,-0.0056349427529592605
7.010416666664211e-09,-0.005858851121500246
7.015624999997529e-09,-0.006085486450924764
7.020833333330861e-09,-0.006274692029208156
7.026041666664206e-09,-0.006385083274589421
7.03124999999755e-09,-0.006385033461673656
7.036458333330882e-09,-0.0061512082261648724
7.041666666664187e-09,-0.005871510180857208
7.046874999997532e-09,-0.005651129929127564
7.052083333330863e-09,-0.00540234931364984
7.057291666664195e-09,-0.005132344993936942
7.062499999997513e-09,-0.004952108413765529
7.067708333330884e-09,-0.0048846741644524815
7.072916666664216e-09,-0.004916464951564232
7.078124999997534e-09,-0.004868091124888645
7.083333333330866e-09,-0.004713481233854913
7.088541666664184e-09,-0.004304722913410181
7.093749999997542e-09,-0.0038940845682758516
7.09895833333086e-09,-0.003453941313142951
7.1041666666641784e-09,-0.0029044081386316862
7.10937499999751e-09,-0.0023887356858008652
7.1145833333308415e-09,-0.0019287118487479396
7.119791666664186e-09,-0.0018163933094190441
7.124999999997518e-09,-0.0017806239620312093
7.130208333330849e-09,-0.0016738741856638184
7.1354166666641675e-09,-0.0016009381353187138
7.140624999997486e-09,-0.0015597529314589796
7.1458333333308306e-09,-0.0015701042469288397
7.151041666664175e-09,-0.0015514461976483382
7.15624999999748e-09,-0.0014902056523867205
7.161458333330812e-09,-0.0015374178161452652
7.166666666664157e-09,-0.0016570452678513871
7.171874999997488e-09,-0.001874811536450495
7.17708333333082e-09,-0.0020554162283867574
7.182291666664151e-09,-0.002224538362898815
7.187499999997483e-09,-0.0024382269428484793
7.1927083333308275e-09,-0.0026639393713274147
7.1979166666641325e-09,-0.002922377038836594
7.203124999997477e-09,-0.003030906755983749
7.208333333330809e-09,-0.0030899749751206822
7.213541666664114e-09,-0.0031588886861225606
7.218749999997485e-09,-0.003276205967247885
7.22395833333079e-09,-0.0034262349046075826
7.229166666664135e-09,-0.0034881320337179825
7.234374999997453e-09,-0.003576632206401497
7.239583333330798e-09,-0.0037194829223836335
7.2447916666641294e-09,-0.0038566332066927787
7.249999999997474e-09,-0.003591342271738581
7.255208333330766e-09,-0.002000980694054803
7.260416666664111e-09,-0.0004105255996174499
7.265624999997442e-09,0.001172933843756182
7.2708333333308e-09,0.0028341715535670476
7.276041666664145e-09,0.004806104616769003
7.281249999997424e-09,0.007356612312891081
7.286458333330795e-09,0.008618620050398028
7.291666666664113e-09,0.009546337552297144
7.296874999997445e-09,0.010531229007551823
7.302083333330789e-09,0.011612822481688611
7.307291666664108e-09,0.012657364774595168
7.312499999997439e-09,0.013102493912292007
7.3177083333307575e-09,0.013408774902493299
7.322916666664089e-09,0.013723181047517264
7.328124999997434e-09,0.01399682098920649
7.333333333330752e-09,0.014218681032493042
7.338541666664097e-09,0.014451377067148243
7.343749999997428e-09,0.014626329642977751
7.348958333330773e-09,0.014780947709081806
7.3541666666641046e-09,0.014884004891978529
7.359374999997423e-09,0.014972618119312673
7.364583333330741e-09,0.015027863114022585
7.369791666664086e-09,0.014917668193907479
7.374999999997444e-09,0.014717224170953893
7.3802083333307225e-09,0.014400220616076691
7.385416666664067e-09,0.014083903851733238
7.390624999997412e-09,0.013742716351412287
7.395833333330757e-09,0.013381384000281694
7.401041666664088e-09,0.013056235152456814
7.40624999999738e-09,0.012784821566894868
7.411458333330751e-09,0.01262503324644044
7.416666666664096e-09,0.01210751493379326
7.421874999997401e-09,0.010159890303886808
7.427083333330733e-09,0.008276939165519397
7.432291666664077e-09,0.006433104916055359
7.437499999997409e-09,0.0046213129247651315
7.44270833333074e-09,0.0025229363287752192
7.4479166666640454e-09,-0.00013051960950112882
7.45312499999739e-09,-0.001288783064339743
7.458333333330722e-09,-0.0020246932714893346
7.463541666664053e-09,-0.0027283236149013355
7.468749999997398e-09,-0.0035673950124977694
7.47395833333073e-09,-0.004346356182624406
7.479166666664035e-09,-0.004456859466361807
7.484374999997366e-09,-0.00439636630023414
7.489583333330724e-09,-0.004334153065086846
7.494791666664056e-09,-0.0043464974603608045
7.499999999997387e-09,-0.003986422228686573
7.505208333330679e-09,-0.0022504288820224703
7.510416666664024e-09,-0.0005693014079682739
7.515624999997368e-09,0.0010277033445740026
7.5208333333307e-09,0.0024644144480719275
7.526041666664031e-09,0.00423625552090235
7.531249999997363e-09,0.006682991007837579
7.536458333330681e-09,0.007790500900216315
7.541666666664013e-09,0.008529621237318031
7.546874999997344e-09,0.009295352376805286
7.552083333330676e-09,0.010299181094672755
7.55729166666402e-09,0.011326777835567858
7.562499999997352e-09,0.01175381801361785
7.567708333330684e-09,0.01200575319079239
7.572916666664002e-09,0.012219608454214055
7.578124999997333e-09,0.01249666207308376
7.583333333330665e-09,0.012758881412729083
7.58854166666401e-09,0.012915273278232388
7.593749999997354e-09,0.012957485738150323
7.598958333330673e-09,0.013019216445587217
7.604166666664017e-09,0.013371778410216752
7.609374999997362e-09,0.013758182684991795
7.614583333330694e-09,0.014144511394863467
7.619791666663999e-09,0.014537618258735674
7.624999999997304e-09,0.014935893296583427
7.630208333330662e-09,0.015300762712290526
7.635416666664007e-09,0.015412017258793079
7.640624999997325e-09,0.015299321547413772
7.645833333330656e-09,0.014952571175338302
7.651041666663988e-09,0.014623209496987588
7.656249999997293e-09,0.01442536752969501
7.661458333330651e-09,0.014221634015087348
7.66666666666397e-09,0.014060399188418626
7.671874999997314e-09,0.01403852805629452
7.677083333330632e-09,0.014262597348299773
7.682291666663937e-09,0.0145930646561489
7.687499999997309e-09,0.01471106058739333
7.69270833333064e-09,0.014778774513335993
7.697916666663958e-09,0.014825423926457209
7.703124999997303e-09,0.014852313261738566
7.708333333330661e-09,0.014818575350392944
7.71354166666398e-09,0.014685148700067138
7.718749999997271e-09,0.014688552225277469
7.723958333330642e-09,0.014887608343095746
7.729166666663974e-09,0.0153178221375302
7.734374999997292e-09,0.01574909144996142
7.739583333330624e-09,0.016104133947568936
7.744791666663955e-09,0.01650654117990121
7.7499999999973e-09,0.016458467586750875
7.755208333330632e-09,0.014845972104069056
7.760416666663937e-09,0.012949942670982451
7.765624999997268e-09,0.010885146373358882
7.770833333330613e-09,0.00883352256322883
7.776041666663944e-09,0.006459709803715271
7.781249999997276e-09,0.003470624759247343
7.786458333330607e-09,0.001912201308894312
7.791666666663952e-09,0.0008374184894582706
7.796874999997284e-09,-4.158188662723409e-05
7.802083333330602e-09,-0.0010200454688103601
7.807291666663933e-09,-0.0020187353057636807
7.812499999997265e-09,-0.002509347090132005
7.817708333330597e-09,-0.0028717836631453678
7.822916666663941e-09,-0.00324926685687495
7.828124999997246e-09,-0.0037796537964899005
7.833333333330591e-09,-0.0039338589987621166
7.83854166666391e-09,-0.002706016892518939
7.843749999997241e-09,-0.0012546847785438243
7.848958333330586e-09,0.00032159072290364457
7.85416666666393e-09,0.001935141680646489
7.859374999997235e-09,0.003924002659100661
7.864583333330567e-09,0.006592871359815023
7.869791666663912e-09,0.008090576573370506
7.874999999997243e-09,0.00924939819199433
7.880208333330575e-09,0.010394219758472165
7.88541666666388e-09,0.011683089113345051
7.890624999997225e-09,0.012996919587434952
7.895833333330596e-09,0.013713193031412146
7.90104166666394e-09,0.01421107171706038
7.906249999997219e-09,0.014626946594776485
7.911458333330564e-09,0.015050571083532359
7.916666666663909e-09,0.015424707532178126
7.92187499999724e-09,0.015730153551294215
7.927083333330558e-09,0.015840346171065067
7.93229166666389e-09,0.015845840401819383
7.937499999997235e-09,0.015907109647538095
7.942708333330566e-09,0.01592507535012293
7.947916666663871e-09,0.015865130123312577
7.95312499999723e-09,0.015649631356030792
7.958333333330534e-09,0.015434188624463442
7.963541666663879e-09,0.015263060543073956
7.968749999997197e-09,0.01500456246385199
7.973958333330555e-09,0.014622402577191274
7.979166666663874e-09,0.014219142433531696
7.984374999997218e-09,0.013865283012064564
7.989583333330523e-09,0.013588550417870597
7.994791666663868e-09,0.013293194674096816
7.99999999999724e-09,0.012718013149587457
8.005208333330531e-09,0.011090977946946735
8.010416666663863e-09,0.009599984340085755
8.015624999997207e-09,0.008176684223791836
8.020833333330526e-09,0.006667691943319548
8.026041666663884e-09,0.004845346476848057
8.031249999997176e-09,0.002424684405374885
8.036458333330534e-09,0.0012553673166055767
8.041666666663865e-09,0.0003964995114425074
8.04687499999717e-09,-0.0005200201776281555
8.052083333330515e-09,-0.001442858896642285
8.057291666663846e-09,-0.0021589136088443887
8.062499999997178e-09,-0.002108936683514041
8.06770833333051e-09,-0.0019014925559946397
8.072916666663854e-09,-0.0017210645917629934
8.078124999997186e-09,-0.0014793405676325577
8.083333333330504e-09,-0.0009190376670698443
8.088541666663822e-09,0.00069654395530421
8.093749999997167e-09,0.002204711178874757
8.098958333330512e-09,0.0036285233884251903
8.104166666663843e-09,0.005014650559781245
8.109374999997135e-09,0.006661469624400249
8.11458333333048e-09,0.00886273863962912
8.119791666663851e-09,0.009883833303354773
8.12499999999717e-09,0.010593256810859002
8.130208333330488e-09,0.011330980364772186
8.135416666663832e-09,0.012146984518420627
8.140624999997137e-09,0.012858776008252179
8.145833333330482e-09,0.012998581013408735
8.151041666663814e-09,0.013026940596570393
8.156249999997145e-09,0.013062494517839269
8.161458333330477e-09,0.01302574968941336
8.166666666663782e-09,0.012997835707550033
8.171874999997127e-09,0.01314787149589006
8.177083333330458e-09,0.013252119383479841
8.18229166666379e-09,0.013355569017637268
8.187499999997121e-09,0.013502699028295812
8.192708333330466e-09,0.013755551005073436
8.197916666663797e-09,0.014126495498457627
8.203124999997116e-09,0.014377076950526818
8.208333333330447e-09,0.014557131718321358
8.213541666663779e-09,0.014633502245720595
8.218749999997137e-09,0.014727183329864777
8.223958333330455e-09,0.014805204603610017
8.229166666663786e-09,0.014657281505059757
8.234374999997131e-09,0.01443427360681383
8.239583333330423e-09,0.014211571478527054
8.244791666663781e-09,0.014167268267078254
8.249999999997113e-09,0.013778141176636371
8.255208333330444e-09,0.011956194732777146
8.260416666663776e-09,0.010266709794961817
8.26562499999712e-09,0.008655352869885757
8.270833333330452e-09,0.007039325696298581
8.276041666663797e-09,0.004966261035838922
8.281249999997102e-09,0.002094564575752585
8.286458333330433e-09,0.0005698884350432508
8.291666666663765e-09,-0.0005621551818629978
8.29687499999711e-09,-0.0016329047004970064
8.302083333330415e-09,-0.002867157686045351
8.30729166666376e-09,-0.004048259439470953
8.312499999997078e-09,-0.004324056488341627
8.317708333330436e-09,-0.004323526354762814
8.322916666663754e-09,-0.004257926318616409
8.328124999997072e-09,-0.004347467103245468
8.333333333330404e-09,-0.004046738913055659
8.338541666663748e-09,-0.0023004912550271574
8.34374999999708e-09,-0.0006375525149517687
8.348958333330398e-09,0.0009346929128258349
8.354166666663756e-09,0.002440479175835944
8.359374999997088e-09,0.004358388121115699
8.36458333333042e-09,0.007042847378321162
8.369791666663738e-09,0.008503698292839446
8.374999999997069e-09,0.009629739197379123
8.3802083333304e-09,0.010720185588355389
8.385416666663732e-09,0.011947038987354101
8.390624999997077e-09,0.013123676410290875
8.395833333330382e-09,0.013527337037543092
8.401041666663753e-09,0.013631673133034124
8.406249999997058e-09,0.013594286270775595
8.41145833333039e-09,0.013701234946861518
8.416666666663721e-09,0.013416050210926667
8.421874999997053e-09,0.011646284592815763
8.42708333333041e-09,0.00989217058462957
8.432291666663702e-09,0.008224493735390206
8.437499999997074e-09,0.006717116832495183
8.442708333330379e-09,0.004865601673679419
8.447916666663724e-09,0.0023300391976166356
8.453124999997055e-09,0.001070285332063674
8.4583333333304e-09,0.00011142158578604702
8.463541666663692e-09,-0.0009067958094038799
8.468749999997036e-09,-0.002009829494135438
8.473958333330368e-09,-0.003028540712542865
8.4791666666637e-09,-0.003462501736765144
8.484374999997044e-09,-0.0036152374026335414
8.48958333333035e-09,-0.003587045811764991
8.49479166666368e-09,-0.0035696391433023365
8.499999999997025e-09,-0.0030971042114657735
8.505208333330344e-09,-0.0009508032792603374
8.510416666663689e-09,0.0013139842562195246
8.51562499999702e-09,0.0036054200042782954
8.520833333330325e-09,0.005691818997753455
8.526041666663683e-09,0.008086320260075728
8.531249999997001e-09,0.011160370104479305
8.53645833333036e-09,0.012681068695299766
8.541666666663651e-09,0.01380690961886795
8.546874999997009e-09,0.014993397263063465
8.552083333330327e-09,0.016275741616318465
8.557291666663672e-09,0.017485559981350308
8.56249999999703e-09,0.01810772519196705
8.567708333330335e-09,0.018450966531602657
8.572916666663667e-09,0.018641069659645293
8.578124999996998e-09,0.018734488176923178
8.583333333330356e-09,0.018768483617607416
8.588541666663648e-09,0.01861556498707747
8.59374999999698e-09,0.018308638156941278
8.598958333330338e-09,0.017928165864796262
8.604166666663696e-09,0.01773346534007555
8.609374999997e-09,0.017572084375282324
8.614583333330306e-09,0.017413768503569665
8.619791666663664e-09,0.01735309770626056
8.624999999996982e-09,0.017346759456029894
8.6302083333303e-09,0.017404786680358567
8.635416666663645e-09,0.017453476312408008
8.640624999996976e-09,0.017482967985627804
8.645833333330295e-09,0.017380670589730373
8.651041666663626e-09,0.01733192558029847
8.656249999996971e-09,0.017399353209548742
8.661458333330316e-09,0.017525865982024564
8.666666666663621e-09,0.017270961740186448
8.671874999996979e-09,0.015685951350255693
8.677083333330284e-09,0.014182724925997125
8.682291666663655e-09,0.012739755123140026
8.68749999999696e-09,0.011217412851923916
8.692708333330292e-09,0.009307660156055721
8.697916666663623e-09,0.00668538324971534
8.703124999996968e-09,0.00531191052607933
8.7083333333303e-09,0.004244497295525392
8.713541666663605e-09,0.003114137237589665
8.71874999999695e-09,0.001810684606457717
8.72395833333028e-09,0.0005149337151893647
8.729166666663626e-09,-8.958509199514717e-05
8.734374999996944e-09,-0.00048295662227906344
8.739583333330262e-09,-0.0008507093417700797
8.74479166666362e-09,-0.001288099608954119
8.749999999996938e-09,-0.0017578037476318937
8.755208333330257e-09,-0.002353614834350241
8.760416666663601e-09,-0.0028522332898889943
8.765624999996933e-09,-0.003351066231957607
8.770833333330278e-09,-0.003971613509998043
8.77604166666361e-09,-0.004552707591488248
8.781249999996927e-09,-0.005053370391706582
8.786458333330259e-09,-0.005217261251180945
8.79166666666359e-09,-0.00529091920011767
8.796874999996922e-09,-0.005391156274968232
8.802083333330267e-09,-0.005384370454765347
8.807291666663572e-09,-0.005273866961524959
8.812499999996903e-09,-0.0050011867044132295
8.817708333330248e-09,-0.004786943180975917
8.82291666666358e-09,-0.004733160747132147
8.828124999996911e-09,-0.004699528134677793
8.833333333330243e-09,-0.004613966093433685
8.838541666663548e-09,-0.004281014535490561
8.843749999996892e-09,-0.0041333149101240455
8.848958333330224e-09,-0.004072453297455196
8.854166666663582e-09,-0.003944167022475262
8.8593749999969e-09,-0.0037400854164846642
8.864583333330205e-09,-0.003473393138205743
8.869791666663577e-09,-0.0035022325826300485
8.874999999996895e-09,-0.003596784174090728
8.880208333330226e-09,-0.0036179900345435475
8.885416666663545e-09,-0.0035956783206110127
8.890624999996863e-09,-0.0036195868175740832
8.895833333330221e-09,-0.003873894093792416
8.901041666663566e-09,-0.004152725282522002
8.90624999999687e-09,-0.00438592578983515
8.911458333330242e-09,-0.0045918930208097885
8.916666666663547e-09,-0.004748894100226515
8.921874999996878e-09,-0.004856826858060673
8.92708333333021e-09,-0.004821501620599768
8.932291666663528e-09,-0.004711902610478225
8.937499999996873e-09,-0.004509567471706443
8.942708333330231e-09,-0.004418122146707912
8.947916666663536e-09,-0.004520839463733539
8.953124999996868e-09,-0.004718482922456984
8.958333333330199e-09,-0.004930836723914449
8.963541666663557e-09,-0.005124161451264406
8.968749999996875e-09,-0.005377220402218877
8.973958333330194e-09,-0.005612044860711737
8.979166666663525e-09,-0.005646117222569753
8.98437499999687e-09,-0.005594305908126569
8.989583333330162e-09,-0.005513637974167002
8.994791666663507e-09,-0.005415475513559942
8.999999999996865e-09,-0.005362160887787981
9.005208333330183e-09,-0.0054376984347041845
9.010416666663514e-09,-0.0055555990623438545
9.015624999996846e-09,-0.005703943140560305
9.02083333333019e-09,-0.005952272931242387
9.026041666663522e-09,-0.006175119861973072
9.031249999996827e-09,-0.006316560677275152
9.036458333330159e-09,-0.006295456000264627
9.041666666663503e-09,-0.006263463004108583
9.046874999996835e-09,-0.00634136688358648
9.052083333330166e-09,-0.006334300783429772
9.057291666663485e-09,-0.00630440528653414
9.062499999996843e-09,-0.006375569538842512
9.067708333330161e-09,-0.006484641638124177
9.07291666666348e-09,-0.006592949671569805
9.078124999996824e-09,-0.0066575446558146964
9.083333333330169e-09,-0.006316764651287765
9.0885416666635e-09,-0.004554931924547761
9.093749999996805e-09,-0.0027342806391896473
9.09895833333015e-09,-0.0008855802892396349
9.104166666663495e-09,0.0009686329690428336
9.109374999996813e-09,0.0031509524804726346
9.114583333330145e-09,0.005936602974637342
9.11979166666349e-09,0.007235775024233913
9.124999999996821e-09,0.008131756919703921
9.13020833333014e-09,0.009106376443925736
9.135416666663458e-09,0.010159249819500742
9.140624999996802e-09,0.011137123028449181
9.145833333330134e-09,0.011436396836345416
9.151041666663452e-09,0.011596237142558889
9.15624999999681e-09,0.011791521855358882
9.161458333330115e-09,0.012004956554101
9.166666666663447e-09,0.011818589589598466
9.171874999996778e-09,0.010207859854302061
9.177083333330096e-09,0.008584846105138213
9.182291666663454e-09,0.006989741338009554
9.1874999999968e-09,0.005489393046716407
9.192708333330091e-09,0.003648470016341955
9.197916666663449e-09,0.0012004992898600167
9.203124999996794e-09,0.00016004048696577035
9.208333333330112e-09,-0.0004824249567841731
9.213541666663444e-09,-0.0011990204708503124
9.218749999996762e-09,-0.0020753534850489193
9.223958333330107e-09,-0.0029407987625054413
9.229166666663438e-09,-0.0032274186865326993
9.234374999996783e-09,-0.003381010760348221
9.239583333330101e-09,-0.003509071384641502
9.244791666663446e-09,-0.003644136723506185
9.249999999996777e-09,-0.0033891873903959292
9.255208333330096e-09,-0.0017517042128023838
9.260416666663427e-09,-2.2069034921563188e-05
9.265624999996772e-09,0.0017270903140447311
9.27083333333009e-09,0.0033323741549173046
9.276041666663422e-09,0.005252331059877321
9.28124999999678e-09,0.0077748459482449555
9.286458333330111e-09,0.008976505913596238
9.29166666666339e-09,0.009786006255164313
9.296874999996748e-09,0.010596153630559229
9.302083333330093e-09,0.011543010631671931
9.307291666663437e-09,0.012515749387621568
9.312499999996756e-09,0.013030339586445167
9.31770833333006e-09,0.013396575123785733
9.322916666663405e-09,0.013690024392283697
9.328124999996737e-09,0.014006503604249558
9.333333333330082e-09,0.014289631100758916
9.338541666663413e-09,0.014479118714892799
9.343749999996745e-09,0.014463632635652736
9.34895833333005e-09,0.014377563148567817
9.354166666663381e-09,0.01448902701574115
9.359374999996726e-09,0.014639184860290633
9.364583333330058e-09,0.014813619748889537
9.369791666663389e-09,0.014914310145316323
9.374999999996707e-09,0.015024425557007807
9.380208333330065e-09,0.015185157138349493
9.385416666663384e-09,0.01523213248353446
9.390624999996715e-09,0.015117784221703146
9.395833333330047e-09,0.014755823692791216
9.401041666663391e-09,0.014429343756347213
9.406249999996723e-09,0.014264078322995827
9.411458333330054e-09,0.014126990699841947
9.416666666663373e-09,0.014014972489555199
9.421874999996704e-09,0.01388718257773407
9.427083333330036e-09,0.013997202296294833
9.43229166666338e-09,0.014249590095567779
9.437499999996712e-09,0.014459027120222356
9.442708333330017e-09,0.014589470530360494
9.447916666663349e-09,0.014631533704747903
9.453124999996707e-09,0.014843977652718474
9.458333333330025e-09,0.015108784752916566
9.463541666663356e-09,0.015408770682806789
9.468749999996675e-09,0.01562293788894149
9.473958333329993e-09,0.015916100628516342
9.479166666663351e-09,0.016595729454540385
9.48437499999667e-09,0.01728989781603436
9.48958333333e-09,0.017872008694791927
9.494791666663319e-09,0.018244071733751137
9.499999999996664e-09,0.0181710568475422
9.505208333330022e-09,0.016816719772083214
9.51041666666334e-09,0.015128780840383351
9.515624999996672e-09,0.013222288125803474
9.520833333330003e-09,0.011168965024385837
9.526041666663361e-09,0.008898635135304808
9.531249999996653e-09,0.006175547486548813
9.536458333329984e-09,0.004649445258240215
9.54166666666333e-09,0.003414317390115931
9.546874999996648e-09,0.0020838306012650183
9.552083333330006e-09,0.0008023832609754665
9.557291666663324e-09,-0.00041705377482350805
9.562499999996642e-09,-0.0012344064076446773
9.56770833333e-09,-0.0019332566479299497
9.572916666663318e-09,-0.0026566814452968802
9.57812499999665e-09,-0.003213070140847119
9.583333333329995e-09,-0.003329049488151088
9.588541666663286e-09,-0.002164183563582049
9.593749999996644e-09,-0.0008396685212649485
9.598958333329963e-09,0.0005939260194219497
9.604166666663307e-09,0.0022316198745578326
9.609374999996679e-09,0.004183748579457441
9.614583333329984e-09,0.006672661196872686
9.619791666663276e-09,0.007975599241666282
9.624999999996647e-09,0.0090014675321808
9.630208333329978e-09,0.010184343522532795
9.635416666663283e-09,0.011359849223048366
9.640624999996628e-09,0.012421957871348317
9.64583333332996e-09,0.012892692406692252
9.651041666663304e-09,0.013215626761429112
9.656249999996623e-09,0.013539521526887843
9.661458333329941e-09,0.013710767340272417
9.666666666663286e-09,0.013820569583730593
9.671874999996617e-09,0.013920469539917522
9.677083333329935e-09,0.013971080053824535
9.68229166666328e-09,0.013989428648005477
9.687499999996625e-09,0.014009773154894219
9.692708333329957e-09,0.0140734656009626
9.697916666663262e-09,0.014227693612735248
9.703124999996593e-09,0.014362315939740633
9.708333333329951e-09,0.014491098141934444
9.71354166666327e-09,0.014548823671099696
9.718749999996574e-09,0.014638084252810364
9.723958333329946e-09,0.014704302607972064
9.72916666666325e-09,0.014582304980695833
9.734374999996622e-09,0.01441190638444819
9.739583333329927e-09,0.014283535362639608
9.744791666663272e-09,0.014312512493443699
9.74999999999659e-09,0.014393705270304853
9.755208333329895e-09,0.014475245477543785
9.760416666663253e-09,0.014641719237386837
9.765624999996585e-09,0.014836589048682809
9.770833333329916e-09,0.014972781912076894
9.776041666663221e-09,0.015009917127403273
9.781249999996579e-09,0.01493330372611969
9.786458333329924e-09,0.014814619627594127
9.791666666663255e-09,0.014687071097865679
9.79687499999656e-09,0.01456154909443264
9.802083333329892e-09,0.0144937415396207
9.80729166666325e-09,0.014524909078772128
9.812499999996568e-09,0.014710314130592024
9.817708333329886e-09,0.01494131722665458
9.822916666663244e-09,0.015174376661423128
9.828124999996536e-09,0.015377793571666987
9.833333333329894e-09,0.015495927423964195
9.838541666663213e-09,0.015477692273242149
9.84374999999657e-09,0.015407073244155871
9.848958333329876e-09,0.015312606369819522
9.854166666663207e-09,0.015112536595282507
9.859374999996552e-09,0.014939649522251687
9.864583333329883e-09,0.014828113336450153
9.869791666663215e-09,0.01482336783159669
9.874999999996546e-09,0.014824801033358632
9.880208333329851e-09,0.01476905645550153
9.885416666663223e-09,0.014769377549344162
9.890624999996541e-09,0.014807578942846022
9.895833333329873e-09,0.014891940669100413
9.901041666663204e-09,0.014959440067382772
9.906249999996549e-09,0.01500851896805042
9.911458333329854e-09,0.015087736662979223
9.916666666663225e-09,0.015172277084187825
9.921874999996517e-09,0.015192221421143928
9.927083333329862e-09,0.015159303064331784
9.932291666663206e-09,0.015108153471911833
9.937499999996551e-09,0.015107967826160274
9.94270833332987e-09,0.015089600877291198
9.947916666663201e-09,0.015037883461091276
9.953124999996546e-09,0.015072669979024296
9.95833333332985e-09,0.015144211625493079
9.963541666663182e-09,0.015242406989996427
9.968749999996527e-09,0.015282233080299055
9.973958333329859e-09,0.015277968619738434
9.97916666666319e-09,0.01524319270776224
9.984374999996508e-09,0.01520339085634791
9.989583333329827e-09,0.015166504304433838
9.994791666663171e-09,0.01508319145062447
